feature,score,normalized_score,importance,normalized_importance,combined_score
x115,217.0332424151678,0.79279383736232,0.26458220227157314,1.0,0.89639691868116
x458,273.757479166655,1.0,0.020691578750063253,0.0782047264419734,0.5391023632209867
x415,255.92523315753735,0.9348611549777534,0.03636480306137733,0.13744236289957126,0.5361517589386623
x159,272.3238727548401,0.9947632246754357,0.014171700609885644,0.053562561987217455,0.5241628933313266
x485,265.7039125549376,0.9705813823379975,0.0062153081112307175,0.023491028715722853,0.4970362055268602
x133,257.4509735045827,0.9404344834277736,0.006831363155705764,0.025819435687869506,0.48312695955782153
x194,251.93993092921937,0.9203033710572934,0.007450721237390564,0.028160326633546482,0.47423184884541997
x334,239.3341395534698,0.87425607615188,0.013881959821247658,0.052467474010209125,0.46336177508104454
x465,228.79901375268642,0.8357726497525232,0.0189564140306679,0.0716465955303018,0.4537096226414125
x702,238.84006158076258,0.872451274419298,0.0030327112744740576,0.011462264840328203,0.4419567696298131
x507,228.20273701796535,0.8335945294084282,0.012748973505460675,0.04818530269989529,0.4408899160541617
x200,198.3963219034745,0.7247156224093407,0.009395981133194729,0.03551252144900692,0.38011407192917385
x654,179.5396815615644,0.6558347998677554,0.003026764764381108,0.011439789745473387,0.3336372948066144
x452,180.98478807535255,0.661113583549528,0.0011963929876833074,0.004521819598641418,0.3328177015740847
x327,171.65820053723468,0.6270447881817852,0.002236432849525456,0.00845269572300986,0.31774874195239755
x712,171.48833893261644,0.6264243061217688,0.0013035069337159252,0.004926661440280765,0.3156754837810248
x362,167.0649623108404,0.6102662941644654,0.004928577719780575,0.018627774950341413,0.3144470345574034
x410,167.55179708140082,0.6120446374339987,0.003704484486749733,0.014001261063460975,0.31302294924872986
x306,168.97683025068386,0.6172500958332395,0.0012059920320004218,0.004558099606271189,0.31090409771975536
x287,165.2556678160855,0.6036571797751067,0.00044508929066937645,0.0016822344316740048,0.30266970710339036
x531,162.33794153852108,0.5929991101346123,0.001914214278059357,0.00723485654599913,0.3001169833403057
x242,138.7940941462253,0.50699653784338,0.01825853830028787,0.06900894369889209,0.288002740771136
x254,154.73637803437617,0.5652316002668095,0.0012742128249452868,0.004815943075556556,0.28502377167118303
x641,141.29945913951644,0.5161483060468194,0.011803586094268539,0.04461216965059907,0.28038023784870925
x748,151.42497761943704,0.5531354908745862,0.0017279305531445633,0.006530789064076866,0.27983313996933157
x23,150.68375717302166,0.5504279102500432,0.0010255580135416272,0.0038761413456260044,0.2771520257978346
x320,144.8379432280412,0.5290739221771852,0.002218915690963584,0.008386488856442578,0.26873020551681387
x612,144.62447525364192,0.5282941517941107,0.0019199628616165252,0.007256583568859374,0.267775367681485
x286,141.91465764779036,0.5183955451364934,0.004426976399852625,0.01673195083359642,0.26756374798504495
x542,144.0974526705906,0.5263690077408573,0.0013069112085263071,0.004939528045748383,0.2656542678933028
x203,141.83686846348917,0.5181113914960596,0.0007880453012425778,0.002978451666350975,0.2605449215812053
x233,139.0855576027435,0.5080612154456338,0.000986258250453909,0.003727606173001732,0.25589441080931774
x172,138.52010477297307,0.5059956907648406,0.0007391226519700441,0.0027935463747156804,0.25439461856977813
x214,136.8234128262154,0.4997978986463474,0.0010803504820277525,0.0040832318755849506,0.25194056526096614
x640,133.22002166567967,0.4866351855343447,0.004385998003069316,0.016577071191536265,0.2516061283629405
x310,134.63427323623827,0.4918012601740723,0.0024426338169459653,0.009232041293687588,0.2505166507338799
x745,136.10110534626762,0.49715940459626135,0.0006981639674486418,0.0026387412360111455,0.24989907291613625
x146,134.51277279268595,0.49135743506316687,0.0017268428470834712,0.00652667803146865,0.24894205654731777
x445,132.90151422745208,0.48547171983033127,0.0012660427855854409,0.004785064054633372,0.24512839194248232
x309,132.2469873023318,0.4830808192159892,0.0017282330934941612,0.00653193252855407,0.24480637587227164
x349,131.15862057444681,0.47910515896663974,0.001712077804855272,0.006470872908896407,0.24278801593776808
x766,127.61774239080366,0.46617079752226226,0.004272432550286059,0.016147845598097857,0.24115932156018005
x817,129.75783275791267,0.4739882656463247,0.0016935830737994822,0.006400971264352658,0.24019461845533868
x319,119.85518445826415,0.43781519622081283,0.0005892327931646321,0.0022270311007534446,0.22002111366078314
x440,117.92365918324106,0.4307595888967578,0.0019625126679527574,0.007417402422020775,0.2190884956593893
x213,115.98090828228912,0.42366297584031876,0.000987857853331542,0.003733651942006221,0.21369831389116248
x484,114.26669439506254,0.41740117838205454,0.001111226871048882,0.004199930537687088,0.2108005544598708
x276,111.63190870341926,0.40777665342053077,0.0006807082407821072,0.0025727665539778555,0.20517470998725432
x546,109.10577339600567,0.3985490139963829,0.00228889696668452,0.008650986147341628,0.20360000007186224
x543,108.28276874213702,0.3955426864382319,0.0005821656728706049,0.0022003206106548955,0.1988715035244434
x325,97.7701681820896,0.35714154177526664,0.006814597875971784,0.025756070580201487,0.19144880617773405
x734,92.03218719080672,0.3361814532737584,0.0013965333715175246,0.005278258928709389,0.1707298561012339
x399,90.73476956253944,0.33144215763070695,0.000671821379371397,0.0025391782727767318,0.16699066795174183
x777,85.98646345941013,0.3140972210920464,0.0001142570261165582,0.0004318394250845422,0.1572645302585655
x496,81.31977632930072,0.2970504279073807,0.001554848186417056,0.005876616692535973,0.15146352229995833
x209,78.51991193389063,0.28682289219243634,0.0034665982798039213,0.01310215974484076,0.14996252596863854
x721,79.15061248403146,0.28912675819843825,0.0013118079846290037,0.004958035625096711,0.1470423969117675
x657,79.86459902996897,0.29173485697298485,0.00019650708641502412,0.0007427071236383647,0.14623878204831162
x801,72.9474592315852,0.26646745671988403,0.0007413639392537097,0.0028020174179847405,0.1346347370689344
x726,71.60317281219524,0.26155695555848346,0.001888184920268575,0.0071364774503256245,0.13434671650440455
x671,71.98735174111057,0.26296031056483726,0.0007210683520190621,0.002725309358786504,0.1328428099618119
x613,67.92210363304189,0.24811049487964137,0.0017203461460885692,0.006502123466047678,0.12730630917284452
x571,68.25256745643905,0.24931763568325752,0.0006620022580659675,0.0025020664745487057,0.12590985107890312
x538,65.83191422367564,0.24047530837906067,0.002449198781968857,0.009256853865986587,0.12486608112252363
x720,66.16376714036231,0.24168752335743082,0.001861773081468908,0.007036652750958441,0.12436208805419463
x594,65.99032020361128,0.24105394455155116,0.0006472120061742276,0.0024461660709510407,0.1217500553112511
x315,64.93739819905116,0.23720775920616693,0.0013171410416383273,0.004978192147204157,0.12109297567668555
x517,63.780123552050135,0.23298038740787347,0.002112903564935296,0.00798581139167692,0.1204830993997752
x681,64.8741689673086,0.2369767911539514,0.00042524621838509506,0.0016072366725128878,0.11929201391323214
x231,64.3290935400176,0.23498570243940642,0.0008264337906849308,0.0031235426403952164,0.11905462253990082
x672,64.57837627579357,0.23589629942669174,0.00030190072808433216,0.0011410469997315028,0.11851867321321162
x232,63.19057768237356,0.23082685402689987,0.0012053182345961296,0.00455555295952584,0.11769120349321285
x711,60.89893118454637,0.22245577132697442,0.003144036019140276,0.011883021579483137,0.11716939645322878
x675,63.50035091102042,0.23195841481416984,0.0006183825973336351,0.002337204059927331,0.11714780943704858
x107,63.26771579590945,0.2311086293916158,0.0006660714432738989,0.002517446137931183,0.11681303776477349
x633,62.413713761998196,0.22798907248850972,0.0006883767217742736,0.0026017499131241947,0.11529541120081696
x29,61.54462297832351,0.22481439837067269,0.0010339317163675843,0.003907790121522737,0.11436109424609771
x383,61.334645250448304,0.22404737739826164,0.0009351938932332352,0.0035346062025492214,0.11379099180040543
x218,62.1098543612493,0.22687911413532105,0.00015545600563707796,0.0005875527692430136,0.11373333345228204
x769,60.20419445973509,0.21991798961256748,0.00042833891357065885,0.001618925649167445,0.11076845763086746
x87,58.980255772875275,0.21544710286059413,0.0011907944842703064,0.0045006598102469795,0.10997388133542055
x437,59.48048069501945,0.2172743585895222,0.0006742685382382027,0.002548427416694182,0.10991139300310819
x414,58.44930655948731,0.21350761534410972,0.0009549603988154683,0.0036093145745127457,0.10855846495931123
x113,53.82980321853038,0.19663317832409055,0.0036050677176270823,0.01362551103844377,0.10512934468126717
x27,54.67145156386173,0.19970760883058636,0.002091579898603063,0.007905217662585702,0.10380641324658603
x2,55.079727291197116,0.20119898626647675,0.0014972883160817984,0.005659066646308083,0.10342902645639242
x558,55.85041183709534,0.20401419536412138,0.000699073243478972,0.0026421778845178235,0.1033281866243196
x696,53.59542250430883,0.19577701645799275,0.0012411674910161796,0.004691046791356802,0.10023403162467477
x644,51.79336096523921,0.18919432310270884,0.0023483906576355178,0.008875845153125896,0.09903508412791737
x230,52.667491581167575,0.1923874070636998,0.0013307979577420928,0.005029809058646098,0.09870860806117296
x690,52.96509667438944,0.19347451925558515,0.0005412921464526554,0.0020458373307251443,0.09776017829315514
x479,53.19639516000931,0.19431942214672793,0.0001548352334144578,0.0005852065334898506,0.09745231434010888
x77,52.147928846897045,0.19048951285510274,0.0009376762602450383,0.003543988417189854,0.0970167506361463
x40,50.60941988695819,0.1848695423446267,0.00011048664415955648,0.00041758910165148026,0.0926435657231391
x431,49.93702446389171,0.18241337046171296,0.0002789585032791393,0.001054335858134592,0.09173385315992377
x358,48.637145021913,0.17766508213755222,0.0012985209901025473,0.004907816848427757,0.09128644949298999
x263,48.868599458289644,0.1785105546962608,0.0005481745269680325,0.002071849588754174,0.09029120214250748
x245,48.31320440213609,0.1764817697372371,0.0008666407919041374,0.0032755067591984047,0.08987863824821775
x520,48.52802143384111,0.17726646804889215,0.0005972800789071632,0.0022574461690136717,0.0897619571089529
x278,48.1917996484838,0.17603829416892802,0.00020797860434990982,0.0007860642271638358,0.08841217919804593
x374,46.94282511130304,0.17147595475455746,0.000337823406212054,0.0012768183321163243,0.08637638654333689
x402,46.83880221558621,0.17109597282298253,0.00035898108282679455,0.0013567846958138486,0.08622637875939819
x248,46.71925298092804,0.17065927522106827,0.00031151728954454197,0.0011773932141693855,0.08591833421761882
x15,44.354769250094385,0.16202212770629945,0.001608504923855651,0.006079414677350993,0.08405077119182522
x636,45.006477343147615,0.16440273149852128,0.0008382538716004463,0.0031682171529438083,0.08378547432573254
x312,45.08670375621022,0.1646957880144814,0.0007268313088749572,0.0027470907061576317,0.08372143936031952
x342,44.69582166101945,0.16326794722495977,0.0006574536232358245,0.0024848747103593887,0.08287641096765958
x731,43.59679537197662,0.1592533490032477,0.0009724003984113459,0.0036752298153949607,0.08146428940932132
x677,43.13636291222763,0.157571449896233,0.0009681050849054114,0.0036589954902247223,0.08061522269322886
x69,43.063254474557986,0.15730439440649008,0.0005963090008329285,0.0022537759369803093,0.0797790851717352
x713,43.170604822414745,0.15769653108229356,0.000470085455495187,0.001776708529369185,0.07973661980583137
x596,42.56315067901068,0.15547758113706026,0.0008665392760715753,0.003275123075671355,0.0793763521063658
x512,42.055543225901154,0.15362335799526797,0.0005915813023183756,0.002235907393767791,0.07792963269451787
x288,42.12339072343635,0.15387119596390259,0.0004387561575416381,0.0016582980781575355,0.07776474702103006
x648,41.28238711864256,0.15079912060963688,0.0008064265027342396,0.003047924220944027,0.07692352241529045
x562,40.886360770022996,0.14935248854016756,0.0009421582149527103,0.0035609281609412934,0.07645670835055443
x151,38.052245439348646,0.13899983867174504,0.0012997084559479694,0.004912304927501961,0.0719560717996235
x260,38.29939499764683,0.13990264344278008,0.0007228644390463358,0.00273209774822409,0.07131737059550208
x665,36.773685211237414,0.13432942662673608,0.0021265136823540674,0.008037251425443068,0.07118333902608957
x326,35.576164249015804,0.12995504034195957,0.002281006568578895,0.00862116404276361,0.06928810219236159
x345,37.189648317971816,0.1358488850466508,0.0004727706479256322,0.0017868573315463212,0.06881787118909856
x759,36.157672452931116,0.1320792131889827,0.00113241567783579,0.00428001455923121,0.06817961387410695
x621,36.400082372005585,0.13296470468244762,0.0008420289436494483,0.0031824852027846177,0.06807359494261611
x742,12.97432783652544,0.047393510036768983,0.02312614948496408,0.08740629296458452,0.06739990150067675
x177,34.1295770238088,0.12467084781647839,0.0011960838801691593,0.004520651313278706,0.06459574956487854
x773,34.24103905020167,0.12507800391220286,0.0005689482709355298,0.002150364862227386,0.06361418438721513
x554,33.87853581203064,0.12375382734806105,0.0006512821138959621,0.002461549221014766,0.0631076882845379
x493,33.739255926321555,0.1232450562776484,0.00017245212275392353,0.0006517903368908948,0.06194842330726964
x359,33.584854191463855,0.12268104708481205,0.000293707091038452,0.0011100787903223527,0.0618955629375672
x610,32.40521612249304,0.11837198465275812,0.0007918351820689304,0.002992775686613164,0.06068238016968564
x132,32.29237187884547,0.1179597794995288,0.0008637661702108112,0.0032646420008410927,0.06061221075018494
x668,31.48132868131218,0.11499714556528091,0.0006786412404636178,0.002564954235912834,0.05878104990059688
x144,30.31791843729872,0.11074736123955217,0.0013192482586866592,0.0049861564661577385,0.05786675885285496
x603,30.783622460126985,0.11244851667189293,0.0005154744037307877,0.0019482580434555953,0.05719838735767426
x350,30.252822359891884,0.11050957384610818,0.0008085070718772487,0.0030557878229744975,0.05678268083454134
x193,29.113381294342528,0.10634734577103265,0.0018057638893273793,0.006824963560753426,0.056586154665893035
x565,29.138041015467728,0.10643742448303814,0.0009053319907721383,0.003421741836750172,0.05492958315989416
x528,27.30482693277018,0.09974093499066689,0.0023526015768805192,0.008891760506497546,0.05431634774858222
x768,27.30770026683181,0.09975143090139187,0.0015621551672900008,0.0059042337461783214,0.052827832323785094
x425,27.576727877632234,0.10073415331547667,0.00027082986220013474,0.0010236133038236217,0.050878883309650146
x89,27.172187412757918,0.09925642030118322,0.0006056398058871131,0.00228904212258945,0.05077273121188633
x300,26.75125468092294,0.09771880849559406,0.0005031919495325865,0.0019018359708719143,0.049810322233232986
x823,26.383899850122223,0.0963769097028415,0.0007799916143079292,0.0029480124045053045,0.049662461053673404
x590,26.011186093823483,0.09501543546135843,0.001135390549465274,0.004291258216604772,0.0496533468389816
x523,26.138900051284327,0.09548195771985386,0.0007506367863817545,0.0028370645490783386,0.0491595111344661
x369,26.148495543356116,0.09551700878805115,0.0005510724468138755,0.002082802403497429,0.04879990559577429
x114,25.605244445391683,0.09353258410815513,0.0008113383526331205,0.003066488772364002,0.04829953644025956
x796,24.226470211122884,0.08849610350325648,0.0006271773436647401,0.0023704441881581707,0.04543327384570733
x547,23.441140834373055,0.08562739876817327,0.0012078286254135408,0.004565041091364862,0.04509621992976907
x642,20.833104469920137,0.07610058557427611,0.0029377331928178447,0.011103291028632715,0.04360193830145441
x649,19.72465680285441,0.07205157230004537,0.0036261558347246135,0.013705214498905128,0.04287839339947525
x788,21.890781535356286,0.07996414053049437,0.0009320260733889567,0.003522633288962891,0.04174338690972863
x92,19.365557515528607,0.07073982991982279,0.002889514045365632,0.010921044652881714,0.04083043728635225
x602,21.75314362000904,0.07946136736146087,0.0003225011023499203,0.001218907014837294,0.04034013718814908
x824,20.785972808970552,0.07592841982708608,0.000973990567197703,0.00368123992783905,0.03980482987746256
x774,20.485585053428924,0.07483114293640153,0.0002199017272858903,0.0008311281915333753,0.03783113556396745
x21,19.2148558317526,0.07018933652605414,0.0009712032354020549,0.0036707050854659904,0.036930020805760064
x703,18.75510050941722,0.06850991091278898,0.0012595823868294948,0.004760646695111529,0.036635278803950254
x381,19.099824685345368,0.06976914290519892,0.0005176130213787265,0.0019563410423481045,0.03586274197377351
x659,17.67679921474681,0.06457101836471006,0.00080971213971952,0.0030603424295652854,0.03381568039713767
x283,16.419956789056382,0.05997993859031857,0.0011265795162769608,0.004257956531485115,0.03211894756090184
x819,16.230601037006146,0.05928824697836096,0.0009167009178074669,0.003464711193485888,0.03137647908592342
x608,16.077561696429306,0.05872921443231799,0.0006410244643699618,0.0024227799862063274,0.030575997209262157
x725,15.783097155388527,0.05765357426373827,0.0009127966311645468,0.003449954771438601,0.030551764517588436
x101,15.504515729069107,0.056635953020412064,0.0009483172164387768,0.003584206376305699,0.030110079698358883
x18,15.386110438447544,0.05620343409533283,0.0008840108828112676,0.0033411577771353604,0.029772295936234094
x298,14.74647077625502,0.053866914690859746,0.0003150605135437067,0.0011907849841703315,0.027528849837515038
x456,14.163836499839265,0.05173862844936837,0.0005136817110237465,0.0019414824829997142,0.02684005546618404
x780,13.532015647881673,0.04943067012844535,0.0009730567334398976,0.0036777104623278104,0.026554190295386578
x220,13.782830407128086,0.050346863395602535,0.0007269540287059266,0.0027475545311236183,0.026547208963363076
x100,13.483108416940171,0.04925201845803115,0.0006936203141997257,0.0026215682999258514,0.0259367933789785
x395,13.182401615522075,0.04815357613479864,0.0004266013368279447,0.0016123584019081957,0.024882967268353418
x272,12.887297590390224,0.04707560001509526,0.0004837927655942012,0.0018285159071191998,0.02445205796110723
x173,11.002789258975938,0.04019173939090001,0.0015039122614914295,0.005684102137557158,0.022937920764228584
x169,12.02385618801992,0.043921562342777755,0.00021859860255446235,0.0008262029746433503,0.022373882658710553
x380,11.175762288614434,0.04082358707654149,0.0009382721021525529,0.003546240427727218,0.022184913752134355
x318,10.842939431725965,0.03960782903441744,0.0008716881235067723,0.0032945833696404565,0.021451206202028946
x685,10.914384884025479,0.03986880985772499,0.00024355532414638197,0.0009205279949117336,0.020394668926318364
x98,9.463198262485145,0.034567816343473286,0.0011548817157409207,0.004364925931622279,0.019466371137547782
x26,9.578334820582809,0.03498839501934418,0.0010371001461037662,0.003919765340222179,0.01945408017978318
x548,8.238508944224561,0.030094187633899178,0.002099285723475973,0.007934342164561842,0.01901426489923051
x143,9.271306966335414,0.0338668627230138,0.0009822021892443948,0.003712276112345003,0.0187895694176794
x662,9.283451507009339,0.033911225129881706,0.0007656689326922033,0.0028938792032062056,0.018402552166543955
x141,9.292088245973808,0.03394277399930715,0.0001916949316518661,0.0007245193743421415,0.017333646686824647
x185,8.065225742433476,0.029461206930253836,0.001188754166742966,0.004492948340957575,0.016977077635605707
x68,8.543013801063584,0.031206503753137146,0.0006042939165404221,0.0022839552749665346,0.01674522951405184
x228,7.893052330843286,0.0288322801439819,0.0010688485251118436,0.004039759726600028,0.016436019935290966
x382,7.562742364868678,0.02762570136125748,0.0008152017357007256,0.00308109059756024,0.01535339597940886
x560,6.784937711999198,0.02478448345102104,0.0012018887425676718,0.004542591044480105,0.014663537247750573
x247,6.4867870514683625,0.0236953783736422,0.0013875936866288802,0.005244470998864174,0.014469924686253187
x370,7.1553643833961935,0.026137603272713625,0.0005589017866790243,0.0021123937357863357,0.01412499850424998
x758,6.548764548512554,0.023921774003938245,0.0007936083338687384,0.0029994773913559042,0.013460625697647074
x10,6.758468433080227,0.02468779466282959,0.0005437987566352308,0.0020553111734895285,0.013371552918159559
x778,6.229452790200366,0.0227553702246362,0.0006871330690087402,0.0025970494731291536,0.012676209848882677
x706,5.416167134579047,0.01978454488646812,0.0008557971570257901,0.003234522767133749,0.011509533826800934
x174,6.107314467295421,0.022309215024505242,0.00014289339583313548,0.0005400718363001094,0.011424643430402675
x653,5.495032145131429,0.02007262837844231,0.0006446644096067171,0.0024365373183530274,0.011254582848397669
x150,5.570417787389349,0.020348002196492514,0.0004098728625766284,0.0015491324021708974,0.010948567299331706
x469,5.29600742467032,0.019345617298902273,0.0006437956688111906,0.0024332538745383343,0.010889435586720304
x184,5.665489780178231,0.020695287659078927,0.00028289938816232577,0.0010692306048309002,0.010882259131954914
x620,5.633417705950785,0.020578132597872643,0.00025859533515363686,0.0009773723740049936,0.010777752485938819
x148,5.540344025297733,0.02023814670621271,0.0003057336888992922,0.0011555338426939247,0.010696840274453317
x670,4.095025643944948,0.014958589100142992,0.0015742214006201477,0.0059498386025388485,0.01045421385134092
x614,5.305003541675757,0.019378478928958272,0.00039475581240965604,0.00149199685020563,0.010435237889581951
x827,4.277982316059372,0.015626905716263812,0.0013735016125836995,0.0051912093889592255,0.010409057552611518
x783,4.482577801680557,0.016374266066906992,0.0011735285813382502,0.004435402575316513,0.010404834321111753
x42,2.5800590006917155,0.009424615570488418,0.0029155683401196368,0.011019517998897868,0.010222066784693142
x568,5.167324831127954,0.01887555674043246,0.00034546595430037753,0.001305703676718903,0.01009063020857568
x225,4.908728618547622,0.01793093884956232,0.0005403700347246317,0.0020423521691379063,0.009986645509350113
x366,5.130250283277662,0.01874012830222814,0.0003242116436197102,0.0012253720803447393,0.00998275019128644
x406,4.793672841828929,0.017510655257424734,0.0006349393308409747,0.002399780958014926,0.00995521810771983
x505,5.021054607324666,0.018341250886036997,0.0003189871219539475,0.0012056257723130292,0.009773438329175013
x660,4.4724944947448275,0.01633743307528819,0.0008174246127211679,0.0030894920584346214,0.009713462566861406
x650,4.6635243954139005,0.017035240131557803,0.0006089316576733173,0.0023014838203224875,0.009668361975940145
x393,4.730834986166187,0.017281116850459462,0.0005414955774560142,0.0020466062070955584,0.00966386152877751
x705,4.76430559323059,0.017403380567842786,0.0004585476912137154,0.0017331010448807577,0.009568240806361771
x760,4.748410578609605,0.017345318173823926,0.00046038041988813607,0.0017400279230255678,0.009542673048424747
x202,3.9833353025790537,0.014550598999905765,0.00118844244393907,0.00449177017099293,0.009521184585449347
x392,5.104819275980706,0.018647232183465028,9.665512131465506e-05,0.00036531225639828207,0.009506272219931654
x280,4.451065270385935,0.01625915494230667,0.0003619710031266056,0.0013680852302947813,0.008813620086300726
x727,4.632611401303999,0.016922319037295817,0.000165566852923385,0.0006257671585689026,0.00877404309793236
x404,4.056500507822204,0.014817861854114798,0.0007068051602194971,0.002671401001848251,0.008744631427981524
x579,3.8450136682931406,0.014045328295678878,0.0008399869674856913,0.003174767464606367,0.008610047880142623
x302,3.9978542400383623,0.014603634765370533,0.0006092496003145802,0.002302685498434368,0.00845316013190245
x510,3.9779225600257107,0.014530826964563315,0.0006151544999807887,0.002325003324862268,0.008427915144712791
x592,4.315164152830673,0.01576272606675975,0.0002824760691859738,0.0010676306522539032,0.008415178359506828
x795,4.217431657227505,0.015405722137951395,0.00032936794342381607,0.0012448605408679203,0.008325291339409659
x166,2.1325353166091507,0.0077898705200705395,0.002300077238590919,0.008693242473770279,0.008241556496920408
x587,2.9438343302599606,0.010753438916888354,0.0014941024577917504,0.005647025555627396,0.008200232236257874
x527,3.5023242093493323,0.012793528856310174,0.0009178924557319734,0.0034692146631610083,0.00813137175973559
x79,4.064300591398067,0.014846354531646778,0.00030175906776342564,0.0011405115883557932,0.007993433060001286
x634,3.945695739303179,0.014413106634800514,0.00037780623489289117,0.001427935181010786,0.00792052090790565
x506,3.9224174821632385,0.014328074228705887,0.0003687036946182055,0.0013935317321146178,0.007860802980410253
x264,3.9325617365194625,0.014365129853221076,0.00035583738213110466,0.0013449029416040053,0.007855016397412541
x137,3.9037511336173147,0.014259888517021422,0.0003410296351659441,0.00128893641461153,0.007774412465816476
x802,3.961364671474996,0.014470343179422107,0.00027276874828418315,0.0010309414085389128,0.00775064229398051
x250,3.047548703729594,0.01113229385734642,0.0010728859042929211,0.004055019177713574,0.007593656517529997
x330,3.5825570769211943,0.013086608949742139,0.0004954502436671478,0.0018725758551159327,0.007479592402429036
x397,3.6254072443279375,0.013243134965167117,0.0004312953401231706,0.0016300995925662427,0.007436617278866679
x178,3.6723117267196734,0.013414470859019288,0.00038342576849843607,0.001449174453937303,0.007431822656478296
x828,1.6557429098557022,0.006048210682301533,0.0022643837223163942,0.008558337268627689,0.007303273975464611
x226,3.6011668246073683,0.013154587905943897,0.000344971476909657,0.0013038347778040282,0.0072292113418739624
x442,3.569936340967443,0.013040507064262442,0.0003627126667824805,0.0013708883805048386,0.00720569772238364
x180,3.4783169083307874,0.012705833348988784,0.00041170478941468297,0.0015560562497401087,0.007130944799364446
x790,3.4766248075137853,0.012699652327662342,0.00039090266382479157,0.0014774337066843228,0.007088543017173332
x240,3.5095608718097324,0.012819963430746019,0.00028542343655874194,0.0010787703560868273,0.006949366893416423
x333,3.220900529660342,0.01176552523593176,0.0004482087339600153,0.0016940245039610174,0.006729774869946388
x631,3.1741668781337764,0.011594813364720687,0.00047897692441240496,0.0018103142248425774,0.006702563794781632
x502,2.4243533215504964,0.008855843240997356,0.0011552646829172003,0.004366373372806877,0.006611108306902117
x281,2.684553633429174,0.009806320695241724,0.0008817714818075019,0.0033326938631436432,0.006569507279192683
x367,3.159028877985386,0.011539516244822913,0.00041077944452070107,0.0015525588682607902,0.006546037556541852
x593,2.794252523459709,0.010207036286152589,0.0007447334054393691,0.0028147524627335206,0.006510894374443054
x682,2.341583046328539,0.00855349433175872,0.0010153550186015178,0.0038375786802142286,0.006195536505986474
x308,2.848717639620067,0.010405990178941765,0.0005235448090476751,0.001978760493157801,0.006192375336049783
x301,2.567625084954275,0.009379196114642717,0.0007823431971707087,0.002956900314737323,0.00616804821469002
x749,2.8644755873382994,0.010463551885625364,0.0004764560916227973,0.001800786627113157,0.006132169256369261
x270,2.314963815391394,0.008456257788603162,0.0010047228896199315,0.0037973940839326043,0.006126825936267883
x422,2.8202246480032276,0.010301909034917591,0.0005157665849735902,0.0019493623552358057,0.006125635695076698
x715,2.7603749910080717,0.010083286123947838,0.0005651960443823849,0.0021361831579368856,0.006109734640942362
x1,1.8304826713533215,0.006686512006632633,0.001407269664340636,0.005318837216783699,0.006002674611708166
x500,3.019851058032027,0.011031118007167343,0.0002529714649208539,0.0009561167106062495,0.005993617358886796
x443,2.2522688185223245,0.008227241225987524,0.0009722702763438349,0.0036747380133523673,0.005950989619669946
x763,2.323540468589925,0.008487587172642783,0.000859179689268787,0.003247307195617434,0.005867447184130108
x586,2.2574200041395454,0.008246057828306121,0.0008821491817983117,0.0033341213967704973,0.005790089612538309
x524,2.7597695805565183,0.01008107463933965,0.0003833143036757972,0.0014487531677673266,0.005764913903553488
x355,2.8851832074644177,0.010539194093426059,0.00020874017924183522,0.0007889426327609882,0.0056640683630935235
x14,2.131942397161088,0.007787704663452238,0.0009331705966254273,0.003526959064569279,0.005657331864010759
x6,2.721893417392473,0.009942718006018274,0.0003604310868884113,0.0013622650495533207,0.005652491527785798
x289,2.235274181329961,0.008165162055606143,0.0007875332722172348,0.002976516430265755,0.005570839242935949
x37,2.384123857490588,0.008708890309583862,0.0006395311131744205,0.002417135800079218,0.005563013054831541
x269,2.4464490291893073,0.008936555949581875,0.0005607379243045456,0.002119333498210857,0.005527944723896366
x514,2.2765535368033816,0.008315950102015248,0.0006880251163664294,0.0026004210051144136,0.00545818555356483
x776,2.635279627829858,0.00962632924533025,0.0003364127208217613,0.0012714865850139824,0.005448907915172116
x606,2.74501082460687,0.01002716284852913,0.00022859233011900771,0.0008639747048608181,0.0054455687766949736
x187,2.422756690808371,0.008850010959274915,0.0005390080756723604,0.002037204585360244,0.005443607772317579
x435,2.3522075977568146,0.00859230441819222,0.0005757311699058943,0.0021760011254080905,0.005384152771800156
x251,2.7842767895870786,0.010170596244759026,0.00015483212022801275,0.000585194767065585,0.005377895505912306
x356,2.0182535791357,0.007372414391305269,0.0008595196244367731,0.0032485919954454937,0.005310503193375381
x34,1.9564664336962185,0.007146714090339731,0.0009176448509975577,0.003468278830242959,0.005307496460291345
x664,2.4599562070528167,0.008985895890556737,0.0004160817457803769,0.0015725991476679192,0.005279247519112328
x316,2.523691499537588,0.009218712515982965,0.0003473813603459041,0.0013129430376021438,0.005265827776792555
x569,2.2865004570660936,0.008352284891088376,0.0005635621019893148,0.00213000760123261,0.005241146246160493
x444,2.2414625285062324,0.00818776727243934,0.0005958920506359875,0.0022522000554835143,0.005219983663961428
x211,2.3085759877051455,0.00843292389575138,0.0005275456655718111,0.001993881905292807,0.005213402900522093
x625,1.467949465102042,0.005362225973042366,0.001328303504478432,0.005020381163488205,0.005191303568265285
x348,2.5098317279394644,0.009168084596554738,0.0003032156731094378,0.0011460168919382202,0.005157050744246479
x723,2.2404226201834496,0.008183968624358754,0.000552794822509746,0.0020893121977356016,0.005136640411047178
x291,2.1043826671891064,0.007687032601246389,0.0006771474419293241,0.0025593083590493538,0.005123170480147872
x694,2.321543404698776,0.008480292161389654,0.0004460120639489212,0.001685722093624137,0.005083007127506895
x460,2.3605845263726253,0.008622904234647687,0.00038900137941868217,0.0014702477191546027,0.005046575976901145
x516,2.1708240267398025,0.007929734133102068,0.0005574843121840103,0.0021070363289659062,0.005018385231033987
x808,0.20485430389801945,0.0007483057797055128,0.002457167061957674,0.009286970328546824,0.0050176380541261684
x271,1.901003415792539,0.006944114993969781,0.0007917290141975408,0.002992374420501997,0.004968244707235889
x744,2.312704491816218,0.008448004777280681,0.00039245019142443986,0.0014832826548991384,0.00496564371608991
x557,2.444669897321459,0.008930057015294257,0.0002463658620867908,0.0009311505459234001,0.004930603780608829
x486,2.2679219829801496,0.008284420173227522,0.0004013956044713736,0.001517092234569021,0.004900756203898272
x782,2.1189513965896696,0.007740250250111772,0.0005442280139469616,0.0020569335702646913,0.004898591910188232
x293,2.1692141156718012,0.007923853340099072,0.00047462542592151686,0.0017938675460655157,0.0048588604430822935
x207,1.5641032345543782,0.005713463023241097,0.0010359118277503893,0.00391527403905689,0.004814368531148994
x695,2.472609685029685,0.009032117378332656,0.00014411685993957253,0.0005446959723755256,0.004788406675354091
x809,1.9569471221019237,0.007148469981748317,0.0006155710323922554,0.002326577627320599,0.004737523804534459
x567,1.8167590670041522,0.0066363814882228886,0.0007224110810204531,0.0027303842617462004,0.004683382874984545
x222,2.2252366201375313,0.008128496167159972,0.0003204362134703139,0.0012111026770478346,0.0046697994221039036
x13,2.1281133364425613,0.0077737176091800305,0.00036763181568610155,0.0013894805188323135,0.004581599064006172
x188,2.0076485793660197,0.007333675724504411,0.0004819485805638707,0.0018215457291764008,0.004577610726840406
x142,1.745619478501701,0.00637651794506415,0.0007177694145834898,0.0027128408805319228,0.0045446794127980365
x762,1.7914018075889584,0.006543754760754532,0.000665120040147569,0.00251385026822354,0.004528802514489036
x229,0.609293258643559,0.0022256679908739235,0.0018070383703331367,0.006829780517430086,0.004527724254152005
x622,1.9946537779505515,0.007286207427181446,0.00046251217475968756,0.001748084983754707,0.004517146205468076
x526,2.202381570123751,0.00804500968093372,0.00025431250534137413,0.0009611852315007267,0.004503097456217223
x123,1.5470870741750198,0.005651305231493608,0.0008860267246289472,0.0033487767394101186,0.004500040985451863
x176,0.7612789050522775,0.002780851530959761,0.0016162371323163631,0.00610863889725062,0.00444474521410519
x219,1.9735238425534078,0.007209022557341668,0.0004363733901520561,0.0016492923046431997,0.004429157430992434
x624,2.200268912753614,0.008037292421932914,0.00020472382181342894,0.0007737626342806527,0.004405527528106783
x793,1.2722785307282332,0.004647465832170779,0.0010615955306205404,0.00401234671684717,0.004329906274508974
x680,1.4364480691048056,0.005247155524216165,0.0008978023911720861,0.003393283385896688,0.004320219455056427
x181,1.455942555786401,0.0053183663153914,0.000869766145201281,0.003287319168613365,0.004302842742002383
x679,0.02123691315509481,7.757564549374902e-05,0.002243113628938363,0.00847794602085888,0.004277760833176315
x391,1.4833987921784777,0.005418660329186589,0.000820062963937739,0.003099463822196203,0.004259062075691396
x199,1.6278061809422544,0.005946161492637419,0.0006803490522575526,0.002571408985246963,0.004258785238942191
x65,1.657301287261846,0.006053903229628049,0.000624872977096365,0.002361734733974968,0.0042078189818015085
x35,1.9543068009879814,0.007138825236618505,0.00032935562366081736,0.0012448139777850942,0.0041918196072017995
x363,1.8536772905519427,0.006771238894348095,0.0004203547297692527,0.0015887490774522735,0.004179993985900184
x755,1.386014951443371,0.005062929990671081,0.0008632551977276956,0.0032627107580034086,0.004162820374337245
x427,1.745450365163637,0.006375900196323263,0.0005070876465585796,0.001916559928086521,0.004146230062204892
x544,1.857497720737002,0.00678519442241874,0.00038620229214244705,0.0014596684464287597,0.00412243143442375
x351,2.0336101728729035,0.007428510004780199,0.00020822862886740867,0.0007870092057578313,0.004107759605269015
x719,1.8902734201222675,0.006904919733614029,0.0003381045182400808,0.0012778808073153865,0.004091400270464707
x597,1.3954071671822952,0.005097238517208931,0.0008055243279975775,0.003044514412087209,0.004070876464648069
x46,1.8606024463153752,0.006796535575865303,0.0003492786186298606,0.0013201138082271806,0.004058324692046242
x95,1.7677387192449885,0.006457316616978506,0.0004355223057689629,0.0016460755940111685,0.004051696105494837
x305,1.4176540373253896,0.005178503402503813,0.0007700890083452115,0.00291058507236543,0.004044544237434621
x152,1.5224525144688432,0.005561318430836447,0.000657948999250505,0.0024867470056628045,0.004024032718249626
x93,1.5115714663552404,0.005521571395808489,0.0006613123928581127,0.002499459098837369,0.004010515247322929
x378,1.4524046250139082,0.005305442720451592,0.0007149231726610267,0.0027020833847592415,0.004003763052605417
x373,1.949343815584173,0.007120696104881479,0.0002271007305997102,0.0008583371392706485,0.003989516622076064
x701,2.022904342445851,0.007389403016873814,0.0001508444985362931,0.0005701233765582725,0.0039797631967160435
x451,1.339043018478291,0.004891347708762045,0.0008061797288156031,0.0030469915281305356,0.0039691696184462905
x477,1.1866091692553102,0.004334526942852727,0.0009439983759139442,0.003567883129739025,0.003951205036295876
x212,1.7687394664035192,0.006460972214486114,0.0003787129161324133,0.0014313620223921704,0.003946167118439143
x572,1.6875063173763865,0.006164238224699188,0.0004295771455909728,0.0016236056012189554,0.003893921912959072
x730,1.7325596272443529,0.006328812029240029,0.00037440814563311484,0.00141509195410209,0.0038719519916710597
x196,1.7062258635967193,0.006232618260478729,0.0003911992595382687,0.0014785547031494317,0.0038555864818140806
x80,1.4839802116619476,0.005420784177949516,0.0006011169632618669,0.0022719478411660768,0.0038463660095577963
x580,1.6919596657118905,0.006180505719377546,0.0003991271820917221,0.0015085186330184408,0.0038445121761979933
x282,1.5550019283105665,0.005680217150757477,0.0005213600123319847,0.0019705029584599536,0.0038253600546087154
x94,1.6421950997200376,0.0059987223169903625,0.00041979808946674037,0.0015866452310947586,0.0037926837740425608
x655,1.3621485230205335,0.004975749072379863,0.0006890947274723466,0.0026044636470485046,0.003790106359714184
x829,1.0519365865569157,0.003842585743261208,0.000987392237096684,0.0037318921250916277,0.0037872389341764177
x818,1.833884149408075,0.006698937157774103,0.000210205133452232,0.0007944794912413372,0.0037467083245077202
x189,1.508333306964314,0.005509742826226449,0.0005162543220283114,0.0019512057787561096,0.0037304743024912795
x498,1.5706333660540988,0.005737316733172963,0.00045279684979959294,0.00171136548835145,0.0037243411107622066
x426,1.2796527461511653,0.004674402869454217,0.0007261711364324052,0.00274459555555081,0.0037094992125025136
x266,1.436964714896142,0.005249042763216572,0.0005661216161675894,0.0021396813969614984,0.0036943620800890353
x243,1.5953521532670805,0.0058276112058143256,0.0003989054817899178,0.0015076807070358883,0.003667645956425107
x462,1.0269036873009514,0.0037511438607155077,0.0009453931074964746,0.0035731545787274902,0.0036621492197214988
x48,1.617654180006148,0.0059090775708866405,0.0003705488327515534,0.001400505512351937,0.0036547915416192886
x103,1.3364499621539578,0.004881875615680873,0.0006363959268322635,0.002405286226240767,0.00364358092096082
x480,0.8544999643988725,0.003121375777567997,0.0010687081030595741,0.004039228995314764,0.0035803023864413807
x117,1.238414491677843,0.004523764959582839,0.0006971837226011202,0.002635036357757409,0.003579400658670124
x786,1.3226782856566692,0.00483156949604823,0.0006111063308359057,0.002309703092608823,0.0035706362943285267
x722,1.772457549887448,0.006474553883543146,0.00015809668727767714,0.0005975333409440864,0.003536043612243616
x106,1.5072191002646744,0.005505672775965059,0.0004100964665890164,0.0015499775233108238,0.0035278251496379414
x364,1.7669071997094636,0.00645427918567962,0.00015877153247786021,0.0006000839478798106,0.0035271815667797155
x504,1.2863607278744733,0.004698906242818583,0.000605371862513989,0.002288029418897276,0.0034934678308579294
x11,1.5842780680670434,0.005787159031744971,0.0003044431171983203,0.0011506560705312784,0.003468907551138125
x688,0.8095170640986299,0.0029570591699006007,0.0010405609538602168,0.003932845614430866,0.0034449523921657333
x434,1.2805302122521847,0.0046776081375027485,0.0005588262475515172,0.002112108232351643,0.0033948581849271957
x311,1.7607918709356463,0.006431940695449388,7.545274283966038e-05,0.00028517694006573424,0.003358558817757561
x217,1.1357982921674254,0.004148921503897934,0.0006689692344533089,0.00252839846637403,0.003338659985135982
x432,1.1070049086737468,0.004043743067928518,0.0006917217412223315,0.0026143925603594933,0.0033290678141440055
x388,1.4946586662187191,0.005459791165408919,0.0003059173268476075,0.0011562279103475262,0.0033080095378782226
x638,1.3021829290827973,0.004756702659035186,0.0004903110656198934,0.001853152107021269,0.0033049273830282272
x666,1.2890450492973298,0.0047087117152791996,0.00049193859830805,0.001859303437965616,0.0032840075766224076
x195,1.1619356840320423,0.004244397952410616,0.0006135829193302328,0.0023190634670900404,0.003281730709750328
x521,1.2658158547049276,0.004623858528206049,0.0005079992073872336,0.0019200052120883463,0.003271931870147198
x38,1.4544741559068717,0.005313002444113804,0.00032197511550176305,0.0012169190245505648,0.0032649607343321844
x472,1.2335785325321962,0.004506099838029382,0.0005332581939367574,0.002015472655977854,0.003260786247003618
x457,0.693094869272819,0.002531784232462502,0.0010514405617738436,0.0039739655681549635,0.0032528749003087327
x81,1.2453766295451467,0.004549196731852576,0.0005056533456153514,0.0019111389249694786,0.003230167828411027
x179,0.760436336621888,0.0027777737395037823,0.0009546210456178456,0.003608031974267116,0.003192902856885449
x661,1.1516298242588443,0.0042067520046010064,0.0005628400691131517,0.0021272786464126563,0.003167015325506831
x563,1.0001173425698184,0.003653296872890104,0.0006985982602432308,0.0026403826646139023,0.0031468397687520033
x577,1.3969630125396104,0.005102921815294708,0.00029096099484970315,0.0010996997997282305,0.0031013108075114695
x513,1.295347886941986,0.004731735150707677,0.0003759580083140745,0.0014209497278588024,0.0030763424392832397
x347,0.9190298734510807,0.003357095032613169,0.0007360702429605493,0.0027820096614247325,0.0030695523470189506
x55,1.4917621969731443,0.0054492107449053695,0.00018019169922287934,0.00068104240449978,0.0030651265747025746
x446,1.3257928854283085,0.004842946718621731,0.00033921474545778584,0.0012820769596195596,0.003062511839120645
x627,1.192523506830612,0.004356131238718197,0.00044012318198165116,0.001663464806789607,0.0030097980227539022
x466,0.5203516645924996,0.0019007760671105748,0.0010870716484052564,0.004108634817732227,0.003004705442421401
x491,1.37830070738826,0.005034750873597844,0.000255568905319331,0.0009659338501423815,0.003000342361870113
x204,1.4628530555279273,0.005343609460391721,0.0001685091862688747,0.0006368878360756597,0.0029902486482336907
x162,1.1385656683669396,0.004159030364514047,0.00047880307711497335,0.0018096571613820005,0.0029843437629480237
x728,0.8126129180420705,0.002968367916433717,0.0007895663563881186,0.0029842005607682177,0.002976284238600967
x5,1.0770611390028302,0.0039343624228332,0.0005262763620017453,0.001989084516960681,0.0029617234698969407
x803,1.2119182468314267,0.004426977668411568,0.0003939613658819606,0.0014889942048240635,0.0029579859366178156
x656,1.1151084096244641,0.004073344089151336,0.0004863886504357292,0.0018383271673598396,0.0029558356282555877
x743,1.0426935812419444,0.0038088222627414873,0.0005520252050099792,0.002086403394750521,0.002947612828746004
x275,0.8893796826928,0.0032487867926025626,0.0006937773278150585,0.002622161739749032,0.002935474266175797
x7,1.2553310930809427,0.004585559075508349,0.0003361158864258038,0.001270364686438005,0.002927961880973177
x161,0.954603827813464,0.003487042000530444,0.0006254061336718488,0.0023637498225595605,0.002925395911545002
x448,1.184738307751518,0.004327692932291674,0.00040242986931313444,0.0015210012837525305,0.002924347108022102
x494,0.9571397848187931,0.0034963055173229305,0.0006211514510138421,0.0023476690634552893,0.00292198729038911
x210,0.8681873542476565,0.0031713740091796035,0.0007036960925962181,0.002659650144849609,0.002915512077014606
x70,1.2222791350123248,0.004464824627743739,0.00034374440881159113,0.0012991970202846982,0.002882010824014219
x475,0.9872005168245768,0.0036061134104160854,0.0005493034839849921,0.002076116531153424,0.0028411149707847547
x738,0.752827745795829,0.002749980559754976,0.0007746200348147526,0.002927710284986082,0.0028388454223705287
x820,0.9228931131828195,0.0033712069383170754,0.0006065855637617883,0.002292616655821676,0.0028319117970693757
x216,0.8264436182951225,0.0030188896420689547,0.000698147917817718,0.0026386805757294407,0.0028287851088991977
x85,1.0990361985161479,0.00401463441971238,0.00043402165328900317,0.0016404038123604154,0.0028275191160363976
x3,0.9341456971988671,0.0034123111450415876,0.0005900504330959508,0.0022301214066179314,0.0028212162758297597
x241,1.03375910639465,0.003776185803366964,0.00045823640825485207,0.0017319245373296419,0.002754055170348303
x257,0.05323234232863115,0.00019445073241715878,0.0013914887354690808,0.005259192506232242,0.0027268216193247004
x389,0.7440343889073104,0.002717859585689586,0.0007161072066443092,0.0027065584929604623,0.0027122090393250243
x515,1.020484354242149,0.0037276948828890624,0.00044669873531493273,0.0016883173980706044,0.0027080061404798333
x131,0.4198495529079773,0.001533655095692878,0.001014635413443075,0.0038348589010595287,0.002684256998376203
x53,1.188367668709097,0.004340950509650389,0.00025738336294311157,0.0009727916720525572,0.0026568710908514734
x385,0.6624065785073004,0.0024196839499097227,0.0007618598473301299,0.002879482598561712,0.002649583274235717
x757,1.1455540581929813,0.004184558031729989,0.0002916555460257148,0.0011023248862610682,0.0026434414589955285
x747,1.250428199156205,0.004567649450026472,0.00018409983888347705,0.000695813389195819,0.0026317314196111453
x357,0.8461025766389181,0.0030907012265547536,0.0005698994308623035,0.002153959812751675,0.0026223305196532145
x0,0.4595553921740829,0.0016786952947295366,0.0009342606850783295,0.00353107910153149,0.0026048871981305135
x618,0.5541824039234452,0.00202435530021109,0.000842212764798162,0.003183179962852134,0.002603767631531612
x183,0.427997487993435,0.0015634184289550807,0.0009591815831605748,0.003625268725278993,0.002594343577117037
x97,0.8998250326790515,0.0032869422797806597,0.0005018766919780448,0.0018968648974465306,0.002591903588613595
x384,0.8638731511633413,0.0031556147937694965,0.0005311929679957299,0.002007667044250019,0.0025816409190097577
x61,1.0778152990205858,0.003937117270006879,0.0003005057717714826,0.001135774701364972,0.0025364459856859257
x811,0.7130678074856338,0.002604742744038567,0.000648044113536735,0.0024493110571041656,0.0025270269005713665
x428,0.7494956464521125,0.0027378088399033036,0.0006040336510717216,0.0022829715902497774,0.0025103902150765403
x84,0.6592927792520042,0.002408309651516945,0.000690600563678126,0.0026101550208176057,0.0025092323361672756
x539,0.8717006740933778,0.003184207703646751,0.00048417661768210946,0.0018299666928659837,0.0025070871982563673
x58,1.0460604535743203,0.003821121003738902,0.0003147098012718436,0.0011894594518070357,0.0025052902277729687
x693,0.8464148366505757,0.0030918418712326933,0.0005047239459086587,0.0019076262181482585,0.002499734044690476
x463,0.8134085501526512,0.002971274255697955,0.0005352171505916864,0.0020228766182931964,0.0024970754369955757
x423,0.8175473719967874,0.0029863928265466315,0.0005298546101853165,0.002002608662397714,0.0024945007444721725
x789,0.8336197976760727,0.003045103279785065,0.0004954067524070528,0.0018724114779971335,0.0024587573788910993
x488,0.9364548212675528,0.0034207460710049434,0.00038929006351042905,0.0014713388132995163,0.0024460424421522296
x22,1.025660636213602,0.0037466031588828733,0.00030269555079044165,0.0011440510668958303,0.0024453271128893517
x386,1.0128574231878058,0.0036998347087029166,0.0003102725604742409,0.001172688706233423,0.00243626170746817
x317,1.0829258285392178,0.003955785360954344,0.00020433459223478286,0.0007722915240725421,0.002364038442513443
x508,0.7669446474289228,0.002801547741320451,0.0005050483788256062,0.001908852426540819,0.002355200083930635
x473,0.5284871343265044,0.0019304938660864054,0.0007336985929467774,0.0027730459065182793,0.0023517698863023424
x573,1.0124105222530253,0.0036982022384736434,0.00025361964000639436,0.0009585665166777674,0.0023283843775757053
x764,0.5921707468414618,0.0021631217113924645,0.0006552109682774333,0.002476398497903914,0.002319760104648189
x549,0.8736826334303236,0.003191447539953613,0.0003774266085468142,0.0014265003666399866,0.0023089739532967998
x588,0.9716566492355322,0.0035493337102363437,0.00028026204493210435,0.0010592626507977927,0.002304298180517068
x329,0.9440032399693548,0.003448319449912362,0.00030305658598606117,0.0011454156152007422,0.002296867532556552
x121,0.5582349612912392,0.002039158758294246,0.0006696761949279448,0.0025310704543935044,0.0022851146063438753
x584,0.7918937514084633,0.002892683530762581,0.0004353739722951234,0.001645514961162224,0.0022690992459624025
x157,0.6975414883365788,0.0025480271459978536,0.0005221693186997964,0.0019735617672568544,0.002260794456627354
x421,0.6789355742740687,0.002480062193518205,0.0005217235807267563,0.0019718770811018023,0.0022259696373100038
x605,0.6730027403124557,0.002458390332790698,0.0005224624871612002,0.0019746698102729257,0.002216530071531812
x346,0.28499311167638663,0.0010410422851055395,0.000891730600734824,0.0033703347885037692,0.0022056885368046545
x667,0.7569855584881635,0.0027651685016698096,0.00041922215313939187,0.0015844684545678275,0.0021748184781188186
x274,0.7167503331598587,0.0026181945251019917,0.00045096138294646517,0.001704428261140514,0.002161311393121253
x430,0.7256374153439108,0.00265065786532234,0.00043774381176707477,0.0016544718730467163,0.002152564869184528
x652,0.8489654911489383,0.00310115907603063,0.0003165611629991566,0.0011964567543898174,0.0021488079152102236
x136,0.8182404113567365,0.0029889244080108486,0.0003366346141879253,0.0012723252406917223,0.0021306248243512854
x550,0.6310526676843594,0.002305152244991978,0.000517390882399836,0.0019555014583663276,0.0021303268516791526
x619,0.24117261836502518,0.0008809717970050668,0.0008847476249041877,0.0033439423260830776,0.0021124570615440722
x816,0.2554255463327624,0.0009330358648476131,0.0008680451993824369,0.0032808147786579224,0.0021069253217527676
x31,0.5538407673773135,0.002023107346923488,0.0005789705977009709,0.0021882446843748864,0.002105676015649187
x186,0.009225663133030845,3.370013181416881e-05,0.0010877204565562769,0.004111087016502402,0.0020723935741582857
x390,0.7167971856510388,0.0026183656710787985,0.00039691918674981583,0.0015001734180986558,0.0020592695445887273
x492,0.2866861527698782,0.0010472267411381028,0.0008118085122446893,0.0030682657611694935,0.0020577462511537983
x168,0.0004847906464428848,1.7708763534740157e-06,0.0010816327271048125,0.004088078176908514,0.002044924526630994
x119,0.429983586633306,0.0015706733855901172,0.00066358944727927,0.0025080653255661798,0.0020393693555781486
x689,0.9867865694689353,0.0036046013152693096,0.00012408650850667384,0.0004689903834850866,0.002036795849377198
x105,0.6360823268425938,0.0023235249271687177,0.00045953539610252785,0.0017368341186866768,0.0020301795229276972
x125,0.5746826256506267,0.0020992399089881223,0.0005179869621774111,0.0019577543679439842,0.0020284971384660535
x67,0.20606625309502302,0.0007527328704308251,0.0008702514515782706,0.003289153405280922,0.0020209431378558737
x401,0.6455120888175179,0.0023579706051594313,0.00043831486648064676,0.0016566301993009736,0.0020073004022302023
x616,0.4006946150361992,0.001463684631579577,0.0006720939228704767,0.0025402083628460552,0.002001946497212816
x607,0.6340616360977946,0.0023161436101323744,0.00044334812399526445,0.0016756536161120993,0.001995898613122237
x628,0.06453277357132073,0.00023572971875604975,0.0009807301130613855,0.0037067123360578196,0.001971221027406935
x252,0.5669136390382798,0.002070860824566406,0.0004946488360269715,0.0018695468999054318,0.0019702038622359187
x376,0.5405698208404073,0.001974630327857911,0.0005161764119238559,0.0019509113141103905,0.001962770820984151
x227,0.18012265203021147,0.0006579643141751697,0.000863124392118867,0.003262216372486524,0.0019600903433308467
x118,0.7142509657207194,0.002609064665173607,0.00034625332488380045,0.0013086795782597585,0.0019588721217166827
x344,0.7430804499447399,0.0027143749723541827,0.00031171073444909235,0.0011781243476427995,0.0019462496599984911
x632,0.717119074418432,0.0026195414883327162,0.00033670589187818943,0.0012725946378380618,0.001946068063085389
x467,0.3507196461358069,0.0012811326550910404,0.0006907777005307219,0.002610824517295733,0.0019459785861933867
x323,0.6351561815538174,0.002320141840461477,0.000415855309376471,0.0015717433213804297,0.0019459425809209533
x724,0.4040592146881871,0.0014759750707749925,0.0006381489464413524,0.0024119118404885825,0.0019439434556317876
x321,0.42209108258856104,0.0015418431082630081,0.0006170120741652677,0.0023320241076984936,0.0019369336079807509
x239,0.3221077859768171,0.0011766172999449923,0.000713388130832653,0.002696281627062788,0.00193644946350389
x108,0.6948450453545457,0.0025381773950787505,0.00035099072978633615,0.0013265848071899837,0.001932381101134367
x710,0.5934357800132166,0.0021677427108829834,0.00044817027477682425,0.0016938791457968595,0.0019308109283399215
x52,0.7527737212099442,0.002749783215061237,0.0002909529989948038,0.0010996695790450903,0.0019247263970531637
x609,0.35808708843731873,0.0013080449510543839,0.0006513577886416944,0.0024618352370244694,0.0018849400940394267
x416,0.5535498945566353,0.002022044826836133,0.0004618164607352131,0.0017454555021852688,0.001883750164510701
x643,0.4034306772058807,0.001473679106170775,0.0006040671532738496,0.002283098213287307,0.0018783886597290409
x341,0.3535280235828055,0.0012913912878617234,0.0006508569958903807,0.0024599424689281495,0.0018756668783949364
x775,0.317938108180567,0.001161386016368949,0.0006751585587253814,0.002551791288033741,0.001856588652201345
x676,2.774037773697269e-05,1.0133194468847814e-07,0.0009821098445796294,0.003711927091647569,0.0018560142117961288
x417,0.5209247871269946,0.0019028696082121353,0.0004780921726710115,0.001806970266958043,0.0018549199375850892
x44,0.6256700900359751,0.0022854903980726923,0.0003679794340100473,0.0013907943574842003,0.0018381423777784462
x471,0.08386194748155021,0.0003063366441597662,0.0008898889772315192,0.003363374291964344,0.001834855468062055
x683,0.4699616416397409,0.0017167079528579488,0.0005155357601438157,0.001948489942700901,0.0018325989477794248
x102,0.6685155020619316,0.0024419990427182454,0.00031882153279516135,0.001204999920848477,0.0018234994817833612
x735,0.6558942063245177,0.0023958951124225898,0.0003297580323399856,0.0012463348989797678,0.0018211150057011788
x279,0.30307059066762837,0.001107076933898593,0.0006665297150886243,0.002519178196288816,0.0018131275650937043
x639,0.8174852271929453,0.0029861658197666476,0.00016801369397347548,0.000635015101284184,0.001810590460525416
x96,0.443059921730832,0.0016184395147104307,0.0005182396735348433,0.0019587095015669662,0.0017885745081386985
x57,0.600021825459553,0.00219180066709439,0.00036496138856008235,0.0013793875227687375,0.0017855940949315636
x127,0.12870114131579186,0.0004701283110422076,0.0008180705728080856,0.0030919334928220135,0.0017810309019321104
x630,0.4923469844373394,0.0017984786605140162,0.00046587563497848476,0.0017607973286891741,0.0017796379946015952
x190,0.3661280071789288,0.0013374173677134188,0.0005871918405797535,0.0022193172312363115,0.0017783672994748651
x459,0.38739902827479883,0.001415117605020619,0.000564453741772664,0.002133377592772835,0.001774247598896727
x337,0.571481047916186,0.0020875449673770784,0.00038467863496051093,0.0014539097175012101,0.0017707273424391442
x576,0.48147653695093473,0.0017587703481804304,0.0004670991335793349,0.0017654215951377326,0.0017620959716590815
x419,0.34565228752951765,0.0012626222617979886,0.0005968160753966729,0.0022556924474613277,0.001759157354629658
x182,0.10661208882926158,0.00038943991285205935,0.0008261553371759852,0.003122490213185242,0.0017559650630186506
x147,0.4841112961701322,0.0017683947764415976,0.00045706248310721905,0.001727487635914678,0.0017479412061781377
x307,0.2944227435880832,0.0010754874879924205,0.0006387697921549106,0.002414258354003959,0.0017448729209981898
x746,0.4741231092564252,0.001731909245729845,0.00045905673806053197,0.0017350250096918678,0.0017334671277108565
x387,0.4546385404047513,0.0016607346830804998,0.00047740717326724246,0.001804381281765963,0.0017325579824232313
x262,0.022928506431309118,8.375481284056886e-05,0.0008829111867695573,0.0033370014278712415,0.0017103781203559052
x109,0.3445011294536256,0.001258417233028012,0.0005706882188598574,0.0021569410714712025,0.0017076791522496072
x692,0.24258114613469128,0.0008861169633543252,0.0006684144983122615,0.002526301816878014,0.0017062093901161696
x246,0.5302632975620704,0.0019369819563514559,0.0003898417384218804,0.0014734238927444484,0.0017052029245479521
x160,0.6144750662076343,0.002244596451129509,0.00030603247565612,0.0011566631203031614,0.0017006297857163353
x138,0.7133245394461977,0.0026056805520624626,0.00021036274040008167,0.0007950751735907036,0.001700377862826583
x83,0.45371190792572447,0.0016573498167314685,0.0004559298166041997,0.0017232066733507004,0.0016902782450410846
x175,0.3836239904336665,0.0014013278892012599,0.0005224469847194257,0.0019746112181165316,0.0016879695536588957
x338,0.521898746670571,0.0019064273540919602,0.00038809813728326226,0.0014668338760175166,0.0016866306150547384
x28,9.729347367013487e-05,3.554002395342983e-07,0.0008896568338744291,0.003362496895997809,0.0016814261481186716
x559,0.24250796460418125,0.0008858496408660673,0.0006462373407639894,0.0024424822804244286,0.001664165960645248
x794,0.6655384225579721,0.002431124163562352,0.0002340265589729302,0.0008845136103777685,0.00165781888697006
x772,0.13382809299774512,0.0004888563899884349,0.0007462268985821058,0.002820397185356261,0.0016546267876723479
x411,0.6346046391030195,0.0023181271285621823,0.0002610787950002965,0.0009867587190627407,0.0016524429238124615
x259,0.4644685778653987,0.001696642514678639,0.00042533599967153337,0.0016075760048098733,0.0016521092597442562
x792,0.24656473537395582,0.0009006684899514833,0.0006315298108984443,0.0023868945283410554,0.0016437815091462694
x815,0.4648287567453581,0.0016979582006685008,0.0004189155531352277,0.001583309646448718,0.0016406339235586094
x336,0.236329059722038,0.0008632789154891663,0.0006325793673955577,0.002390861373004462,0.0016270701442468141
x352,0.23506437694662252,0.0008586591959503056,0.0006303174434072112,0.0023823123324079034,0.0016204857641791046
x450,0.2331739215516564,0.0008517536114865647,0.0006292836330490609,0.0023784050009650684,0.0016150793062258166
x598,0.5831085687656744,0.002130018768950952,0.00029007438197039637,0.001096348807591591,0.0016131837882712714
x253,3.2889070639109398e-06,1.201394414473241e-08,0.0008477161123608586,0.0032039801055504997,0.0016019960597473222
x822,0.5394002035404941,0.0019703578699748476,0.00032496722025080686,0.0012282278152528686,0.001599292842613858
x732,0.3996778942589566,0.0014599706845475633,0.0004547043308654793,0.0017185748964276912,0.0015892727904876273
x481,0.3526111289961427,0.0012880419927503938,0.0005001319156542405,0.0018902704390558129,0.0015891562159031033
x277,0.14196604845929353,0.0005185832689994528,0.0007015496290163495,0.002651537491914377,0.001585060380456915
x408,0.34202000806978106,0.0012493540235354445,0.0005078152985158429,0.001919310120469138,0.0015843320720022912
x511,0.13152864480083654,0.00048045680870974856,0.000709725834467041,0.0026824398178474694,0.001581448313278609
x86,0.3800471436859664,0.0013882621393317461,0.00046415385103238874,0.0017542897709951432,0.0015712759551634447
x368,0.09087113308769827,0.000331940275620301,0.0007419603520079064,0.002804271586062095,0.001568105930841198
x453,0.3081984519541836,0.001125808335510578,0.0005274616504458866,0.0019935643664515577,0.0015596863509810678
x78,0.5702637354619268,0.0020830982853796954,0.00026949812565870763,0.0010185799473469068,0.001550839116363301
x304,0.33886322016314013,0.0012378226932636635,0.0004884757055150586,0.001846215283270173,0.0015420189882669182
x691,0.3697750054816145,0.0013507393719698413,0.0004497068425304503,0.001699686670794512,0.0015252130213821765
x718,0.3733515422751372,0.0013638039896175858,0.00044041565382612523,0.001664570216911539,0.0015141871032645624
x198,1.3380848893119666e-06,4.887847789164446e-09,0.0008005158015033944,0.0030255844672489604,0.0015127946775483749
x464,0.5311086446543913,0.001940069897893343,0.00028581691450190036,0.0010802575231743344,0.0015101637105338387
x124,0.25007563042698266,0.0009134933269704183,0.0005570304016121346,0.00210532075411628,0.0015094070405433492
x50,0.4927030231690018,0.0017997792230876716,0.0003216794947846169,0.001215801713126712,0.0015077904681071919
x292,0.2334670317403601,0.000852824304384512,0.0005704489803232675,0.002156036858963574,0.0015044305816740429
x420,0.33142849255652124,0.0012106646129465487,0.00047568194576092985,0.0017978607089855544,0.0015042626609660516
x545,0.015440382323950933,5.6401682141992954e-05,0.0007782938790765049,0.0029415957399796925,0.0014989987110608427
x365,0.2027922955985815,0.0007407735350862428,0.0005962229353766906,0.002253450648826008,0.0014971120919561253
x754,0.6038406320973655,0.002205750264560868,0.000203693916983858,0.0007698700639538179,0.001487810164257343
x412,0.1776134871744017,0.000648798665574635,0.0006100552383930504,0.0023057304427713393,0.0014772645541729873
x684,0.26277857210118416,0.0009598954991151595,0.0005263360592645907,0.0019893101453753396,0.0014746028222452495
x32,0.10248416465735044,0.00037436114976409937,0.0006805181660033044,0.0025720481580420334,0.0014732046539030663
x201,0.016034455530724263,5.8571753288840693e-05,0.0007632863805728812,0.002884874243315228,0.0014717229983020343
x626,0.15608534586559963,0.0005701592020087961,0.0006266143281120105,0.002368316246263758,0.0014692377241362772
x503,0.4551088573213699,0.001662452688806043,0.00033568340129243074,0.0012687300899698374,0.0014655913893879403
x561,0.0031607203878276217,1.1545695107396403e-05,0.0007697382688402924,0.002909259437073608,0.0014604025660905023
x615,0.06073757228075622,0.00022186634851273262,0.0007128010961095577,0.002694062903663953,0.0014579646260883428
x165,0.28787150742949197,0.0010515566855225343,0.0004859316544654404,0.0018365999311120299,0.001444078308317282
x17,0.382044087842844,0.0013955567132113585,0.0003942430047001252,0.0014900586710494806,0.0014428076921304195
x110,0.3333951171464692,0.0012178484334431962,0.0004411071347293942,0.0016671836992143254,0.0014425160663287607
x534,0.40893111677684457,0.0014937714871632788,0.0003634302049443457,0.0013736003473556122,0.0014336859172594456
x394,0.3971900050120081,0.0014508827529428382,0.0003745886430002694,0.0014157741517918999,0.001433328452367369
x537,0.4764839308755242,0.0017405330160329819,0.0002957337234886072,0.0011177385362642776,0.0014291357761486297
x570,0.20411899950762655,0.0007456198096540964,0.0005573343938388237,0.0021064697060264206,0.0014260447578402584
x635,0.2477013622634099,0.0009048204382120901,0.0005133152453346973,0.0019400974099074847,0.0014224589240597874
x436,0.5770019875084788,0.0021077122322463305,0.0001939846699275373,0.000733173540253577,0.0014204428862499537
x599,0.48441407385568114,0.001769500783431692,0.00027971735251689194,0.0010572039620026434,0.0014133523727171676
x433,0.22941111672460057,0.0008380085812557553,0.000523635622218466,0.0019791037255068073,0.0014085561533812812
x687,0.5643767468120803,0.002061593891535308,0.00019686148120945723,0.0007440465742566999,0.0014028202328960038
x591,0.2508235703787827,0.0009162254530627423,0.0004929893478858314,0.0018632747919295643,0.0013897501224961533
x66,0.48367003381387635,0.001766782903196713,0.0002675564398246863,0.0010112412608541987,0.0013890120820254557
x697,0.06280448037538568,0.00022941649143822028,0.0006737772949122156,0.002546570741068348,0.0013879936162532842
x221,0.5767776403936892,0.00210689272179689,0.00017060836004580758,0.000644821755133368,0.001375857238465129
x396,0.09236596379581109,0.00033740069523208015,0.0006385408132093865,0.002413392918069273,0.0013753968066506765
x601,0.12780264808751765,0.0004668462336684339,0.0006013860900536791,0.002272965017640918,0.001369905625654676
x578,0.3972627962129171,0.001451148649608495,0.00034086713901166065,0.0012883222532927099,0.0013697354514506026
x59,0.3807056083683056,0.0013906674240543539,0.0003518074841147148,0.0013296717658794436,0.0013601695949668987
x805,0.017150962747982175,6.265020703796444e-05,0.0007021959408374578,0.002653980255696519,0.0013583152313672417
x454,0.17527918273769735,0.0006402717590447743,0.000549365190657438,0.0020763497542195114,0.001358310756632143
x810,0.42762024692326617,0.0015620404170325673,0.00030031845528856097,0.0011350667305290146,0.0013485535737807908
x234,0.00013007547727407825,4.751485792097478e-07,0.0007078409697367069,0.002675315889200147,0.0013378955188896784
x813,0.48063825234318425,0.0017557082049640977,0.00024172122009528415,0.0009135959184706461,0.0013346520617173719
x372,0.07473548333032201,0.0002729988731552623,0.0006331008195730993,0.002392832224305361,0.0013329155487303117
x126,0.33909414953426137,0.0012386662478281788,0.0003754296745620516,0.0014189528673463157,0.0013288095575872472
x707,0.41783238741248196,0.0015262866559277405,0.0002993229959295931,0.0011313043483641475,0.001328795502145944
x149,0.28525152668601045,0.0010419862410858854,0.000422437382891551,0.0015966205559735712,0.0013193033985297283
x223,0.013156553060057783,4.805915476759809e-05,0.0006839862355198482,0.0025851558783904494,0.0013166075165790237
x678,0.4301480877754388,0.0015712742865869906,0.0002794850411355309,0.0010563259309810309,0.0013138001087840108
x585,0.2101026600376339,0.0007674773331388325,0.000489488597345619,0.0018500435522235046,0.0013087604426811686
x25,0.2756409206571812,0.0010068799635950024,0.00042482354497997034,0.001605639159900566,0.0013062595617477843
x215,0.2295718428324412,0.0008385956925497733,0.0004691560498016056,0.0017731957999202576,0.0013058957462350155
x331,0.04571286236940636,0.00016698306292328838,0.0006438536363002081,0.0024334729651971907,0.0013002280140602396
x739,0.21076314305165855,0.0007698899905611438,0.0004843058219390061,0.0018304550260032368,0.0013001725082821903
x495,0.26503954088711634,0.0009681545201757521,0.00042321443632741944,0.0015995574634042186,0.0012838559917899854
x468,0.47208496123575705,0.0017244641595649938,0.0002224596927120878,0.0008407961336860827,0.0012826301466255382
x267,0.4534470986766267,0.001656382503436855,0.0002402309624236828,0.0009079634244525045,0.0012821729639446798
x128,0.0011363294697187831,4.1508618255029345e-06,0.0006767855247981864,0.0025579404774305962,0.0012810456696280496
x785,0.430989400061192,0.0015743474895121281,0.00026084893176565004,0.0009858899409186594,0.0012801187152153936
x716,0.00023520360857195289,8.591677907319138e-07,0.000676887345594142,0.0025583253135801234,0.0012795922406854277
x765,0.27995290055256955,0.001022631057988896,0.0004062436792046509,0.0015354157449625927,0.0012790234014757444
x821,0.07853709073224094,0.0002868856440792619,0.000598431955831222,0.0022617997382037734,0.0012743426911415176
x405,0.2001217223360539,0.0007310182828437942,0.00047799872297315567,0.0018066170697397363,0.0012688176762917652
x122,0.3870411827326688,0.001413810442406398,0.0002964645404272608,0.00112050069083242,0.001267155566619409
x30,0.28815320700402086,0.00105258569695041,0.000388294687702827,0.0014675767469206887,0.0012600812219355493
x509,0.13379946943678345,0.0004887518318917983,0.0005369837604256395,0.0020295535973899985,0.0012591527146408985
x447,0.2383099557843506,0.0008705148677938949,0.0004348937792191504,0.0016437000504393928,0.001257107459116644
x120,0.37917343528385855,0.001385070597662209,0.0002985934306615044,0.0011285469245396233,0.0012568087611009161
x64,0.31639668699839535,0.0011557554078943828,0.0003579132851478263,0.0013527489078061874,0.0012542521578502851
x729,0.17603125124487543,0.000643018966205899,0.0004934202325710348,0.001864903339433909,0.001253961152819904
x54,0.34149265265264306,0.0012474276636831282,0.0003326794701918155,0.001257376601054767,0.0012524021323689475
x295,0.33147478889457394,0.001210833727369262,0.0003415906154865156,0.0012910566642570283,0.001250945195813145
x60,0.006185916029659234,2.2596336174959593e-05,0.0006540464541701077,0.0024719971659272065,0.001247296751051083
x499,0.3344725848331166,0.0012217842809310066,0.0003362616439140252,0.0012709155832366936,0.00124634993208385
x574,0.3576468154413272,0.0013064366918121824,0.00030598288957375916,0.0011564757075371661,0.0012314561996746743
x583,0.027421182921271752,0.00010016596808512616,0.0006247463636503739,0.0023612561929207926,0.0012307110805029593
x361,0.384874956575521,0.0014058975036850816,0.00027793333683970805,0.0010504611967604343,0.001228179350222758
x197,0.3166497349943188,0.0011566797588808608,0.00034289973071262325,0.0012960045224835767,0.0012263421406822188
x482,0.19719258929422923,0.0007203185457964585,0.0004550598578297609,0.0017199186261314628,0.0012201185859639606
x208,0.00501549939446832,1.8320958425450143e-05,0.0006407863035147103,0.0024218798468424296,0.0012201004026339399
x407,0.16041885959821198,0.0005859889566726832,0.0004890547415599045,0.001848403775314893,0.001217196365993788
x831,0.2886651078255457,0.0010544556032013117,0.0003640564598045919,0.0013759673049773625,0.0012152114540893372
x449,0.18147362469675507,0.0006628992393164155,0.00046762871412808044,0.0017674231679729378,0.0012151612036446766
x741,0.06358470064892718,0.00023226653329247966,0.0005802748636673969,0.0021931742146124767,0.0012127203739524782
x429,0.1863984551374069,0.0006808889960004832,0.0004599548752698163,0.001738419558537457,0.00120965427726897
x787,0.32279486609679686,0.001179127113090815,0.00032679754800238743,0.0012351456190048454,0.0012071363660478302
x134,0.2863429294437601,0.001045972991552291,0.00036179539899792464,0.0013674215268136957,0.0012066972591829933
x617,0.11704917098944079,0.0004275651987509167,0.0005204317318531666,0.001966994481809414,0.0011972798402801654
x806,0.37167015749204185,0.001357662112551017,0.00027375954152581165,0.0010346861549093112,0.001196174133730164
x770,0.2851363027017905,0.0010415653430539097,0.0003520777643828546,0.0013306933019684901,0.0011861293225111998
x424,0.17372570044280158,0.000634597092914648,0.00045508581189834113,0.0017200167206682737,0.0011773069067914609
x532,0.2719251181301383,0.0009933066265729266,0.00035905682543639844,0.0013570709683180216,0.001175188797445474
x564,0.029930090467683003,0.00010933067676833224,0.0005927790661587427,0.0022404343945640792,0.0011748825356662058
x313,0.0882260827836048,0.0003222782553820037,0.0005279914777613216,0.0019955668719522533,0.0011589225636671285
x413,0.015560394417046526,5.684007050479101e-05,0.0005927074229973637,0.0022401636161036844,0.0011485018433042378
x19,0.002689916271993518,9.825909707314264e-06,0.0006035746756736267,0.0022812368726680414,0.001145531391187678
x767,0.00465918760891722,1.7019398421918007e-05,0.0005989949552162939,0.002263927618991817,0.0011404735087068673
x553,0.08977987973358754,0.00032795407090570246,0.000513816705323268,0.0019419926998561867,0.0011349733853809447
x455,0.22552640733429066,0.0008238182497180185,0.00038107404164986543,0.0014402859995046925,0.0011320521246113555
x717,0.15844040352906313,0.0005787619173414786,0.00044586345699818204,0.001685160427157295,0.0011319611722493868
x339,0.38225260991475013,0.0013963184168643177,0.0002281606467299904,0.0008623431386204925,0.0011293307777424052
x784,0.09817047197821173,0.00035860379879684896,0.0005020143773760967,0.0018973852854275428,0.0011279945421121958
x261,0.22629367165225261,0.0008266209651736751,0.0003760354562938839,0.0014212424458842194,0.0011239317055289472
x540,0.04789364676400518,0.00017494918096776097,0.0005458769549031995,0.002063165814694138,0.0011190574978309495
x41,0.0023061574964162277,8.424089465743185e-06,0.0005876245285500433,0.002220952594335473,0.0011146883419006083
x771,0.07600042526519599,0.0002776195393694771,0.0005153532722918236,0.0019478002218866308,0.001112709880628054
x791,0.41726345236352963,0.0015242084111591072,0.0001815225261046053,0.0006860723228778875,0.0011051403670184973
x236,0.01705113477798416,6.228554861729991e-05,0.0005670805621400131,0.0021433057751856976,0.0011027956619014988
x154,0.1531950292286091,0.0005596012561737125,0.0004315328901310616,0.001630997423205838,0.001095299339689775
x249,0.08626429404888758,0.0003151120996273222,0.0004951911343965484,0.0018715965403004434,0.0010933543199638828
x669,0.22600377536212463,0.0008255620122237486,0.0003597831112334634,0.0013598159972384456,0.001092689004731097
x167,0.0004956269976428609,1.8104601165659428e-06,0.0005774696634892494,0.0021825718379066233,0.0010921911490115947
x328,0.06197030349053542,0.000226369353192392,0.0005171789088721518,0.001954700295151779,0.0010905348241720856
x164,0.187329265757605,0.0006842891245486842,0.0003956753527421035,0.001495472293090876,0.00108988070881978
x699,0.23836593275232784,0.0008707193442821634,0.0003447679691186489,0.0013030656112113363,0.0010868924777467498
x191,0.013120720827128922,4.7928264342109304e-05,0.0005623639821465279,0.0021254792549096134,0.0010867037596258614
x552,0.14016853294894885,0.0005120171816880979,0.00043862254889891444,0.0016577930984515063,0.001084905140069802
x779,0.24946737130058896,0.0009112714365283917,0.00033186458795191975,0.0012542967180055689,0.0010827840772669804
x714,0.1908557623874864,0.0006971709520721418,0.0003883750366413085,0.0014678804292462258,0.001082525690659184
x761,0.38138056413781996,0.0013931329485454803,0.0002040400236466845,0.0007711781892164206,0.0010821555688809504
x737,0.02515094657803453,9.187309385882904e-05,0.0005459079524716792,0.0020632829713593016,0.0010775780326090652
x290,0.0201406550265907,7.357115899774083e-05,0.0005506105046311246,0.0020810564728233893,0.0010773138159105651
x324,0.0386639305105964,0.00014123424363890713,0.0005315652654943694,0.0020090741589215396,0.0010751542012802234
x130,0.03802179881066608,0.0001388886211489389,0.0005318338071460694,0.002010089123833746,0.0010744888724913424
x750,0.2039547494876328,0.0007450198259733081,0.00036941061860774004,0.0013962035822370571,0.0010706117041051825
x497,0.35329693136074936,0.0012905471384242007,0.0002211559702039181,0.0008358686574727298,0.0010632078979484652
x439,0.10296794288896177,0.0003761283278995936,0.0004623370665392264,0.0017474231545804172,0.0010617757412400054
x736,0.027200847988313737,9.936111360725495e-05,0.000533534935316575,0.0020165186121209417,0.0010579398628640982
x438,0.06824676537451628,0.0002492964414424995,0.0004924121544299674,0.0018610932640304523,0.0010551948527364758
x294,0.10079406098244748,0.0003681874237345939,0.00045933298276575936,0.0017360690886316292,0.0010521282561831114
x658,0.0071281181566269745,2.6038076396399014e-05,0.0005495066440976117,0.0020768843836804474,0.0010514612300384233
x409,0.014652251734115135,5.3522744944605886e-05,0.000541671516994416,0.002047271178272347,0.0010503969616084763
x273,0.02311420872273138,8.443315884224727e-05,0.000530348302868504,0.002004474595476163,0.0010444538771592052
x170,0.13153159849667986,0.0004804675981714733,0.00042289863678451444,0.0015983638852262697,0.0010394157416988715
x476,0.056522421061529236,0.00020646895651431737,0.0004908090833240348,0.0018550343867054868,0.0010307516716099021
x354,0.05451736718066049,0.0001991447588815355,0.000488936771896769,0.0018479579038158931,0.0010235513313487142
x244,0.07457044984922508,0.00027239602759429604,0.0004690569993188211,0.0017728214342904681,0.001022608730942382
x478,0.11212607051099249,0.0004095817613908318,0.00043069816454699027,0.0016278425413698535,0.0010187121513803427
x604,0.18048448731671318,0.0006592860507998755,0.0003645129023389681,0.0013776924494899464,0.0010184892501449109
x332,0.2705331423962354,0.0009882219226293476,0.0002712782131458968,0.0010253078658233055,0.0010067648942263265
x353,0.2926453548310265,0.001068994921058844,0.000248713669035425,0.000940024184922838,0.001004509552990841
x76,0.05265271101248208,0.0001923334155938394,0.00048028537411152615,0.001815259567680786,0.0010037964916373126
x379,0.10735305338911628,0.0003921465587567129,0.0004247070748920397,0.0016051989561116087,0.000998672757434161
x589,0.013023931528178639,4.757470578639452e-05,0.0005107582458469095,0.0019304331185612238,0.0009890039121738092
x826,0.12390611110520655,0.00045261269749556827,0.0004016392968995227,0.0015180132807545044,0.0009853129891250363
x24,0.09251550720993681,0.00033794695761943464,0.00042952257524800147,0.00162339935022209,0.0009806731539207623
x814,0.10229671075575458,0.00037367640536125604,0.00041941911344940886,0.0015852128746698827,0.0009794446400155693
x258,4.9096815692711827e-05,1.7934419852990836e-07,0.0005179838391749606,0.001957742564419697,0.0009789609543091134
x733,0.3001175905019869,0.0010962900133927836,0.00022623102720644909,0.0008550500572757363,0.0009756700353342599
x335,0.046389488924957166,0.00016945469057565618,0.0004710120778846525,0.001780210739198531,0.0009748327148870936
x297,0.00019166700257620208,7.001343055892226e-07,0.0005140711246051458,0.0019429542886542745,0.0009718272114799319
x51,0.004638773173218461,1.6944827178199287e-05,0.0005071632876742623,0.0019168458169899819,0.0009668953220840906
x704,0.2253474712246995,0.0008231646196870296,0.0002929008420011018,0.0011070315368395859,0.0009650980782633077
x804,0.09945037285443188,0.0003632791080527506,0.00041296873670720825,0.0015608333937871142,0.0009620562509199324
x708,0.10309234394909833,0.0003765827485806842,0.0004094231515001888,0.0015474326994978584,0.0009620077240392712
x314,0.08657509377491703,0.0003162474100742753,0.00042329173789378694,0.0015998496280536312,0.0009580485190639533
x674,0.10842398510089184,0.00039605853118952305,0.0004011739842006737,0.0015162546110675263,0.0009561565711285247
x709,0.035335291563822764,0.00012907516416131134,0.0004674320730534976,0.0017666799544351617,0.0009478775592982365
x4,0.1435096525888618,0.0005242218514932248,0.000361178214462823,0.001365088850882349,0.0009446553511877869
x535,0.02433189952566368,8.888122289747992e-05,0.00047578070243337435,0.0017982339641463196,0.0009435575935218997
x39,0.06403058128596874,0.00023389527650855127,0.0004368851501959717,0.0016512265241013563,0.0009425609003049538
x256,0.048683894708350064,0.00017783585258217852,0.0004485476744779086,0.001695305544465569,0.0009365706985238738
x265,0.023219348173717628,8.481721940309954e-05,0.0004726694243220978,0.0017864747525116569,0.0009356459859573782
x63,0.047857410147495914,0.00017481681338233618,0.00044752800138854346,0.001691451645448134,0.0009331342294152351
x441,0.02189724730474088,7.99877591341003e-05,0.00047110142632938876,0.0017805484355513815,0.0009302680973427409
x153,0.0008802302573502163,3.215365147391497e-06,0.0004905677285953948,0.001854122175957493,0.0009286687705524423
x192,0.2395121015213251,0.0008749061477714646,0.0002520638207488254,0.0009526862297793615,0.000913796188775413
x156,0.028191143718295154,0.00010297853342349513,0.00045589579369956993,0.001723078082295302,0.0009130283078593985
x56,0.1028751351131309,0.0003757893133232124,0.00038221146433550665,0.0014445849382688112,0.0009101871257960119
x403,0.02176966407972592,7.952171442400384e-05,0.0004585335934458115,0.0017330477617506646,0.0009062847380873342
x556,0.20500644605223134,0.0007488615349479815,0.0002801031325082459,0.0010586620343447806,0.0009037617846463811
x8,0.015802918826840984,5.772598021777027e-05,0.00046137924379666037,0.0017438030216525686,0.0009007645009351694
x799,0.025159136332948744,9.190300995441533e-05,0.0004503287685742404,0.001702037267465227,0.0008969701387098212
x647,0.00029508911868744345,1.0779216684260977e-06,0.0004737202486729128,0.0017904463890835544,0.0008957621553759903
x756,0.048181635005779044,0.00017600116406846212,0.00042657477511265254,0.0016122580107440733,0.0008941295874062677
x751,0.31043252002715904,0.0011339690918112867,0.00017263798623686754,0.0006524928160499172,0.0008932309539306019
x33,0.06609686534736595,0.00024144313992286668,0.0004071765953083305,0.001538941742159948,0.0008901924410414073
x600,0.1508214993142896,0.0005509310641426318,0.00032389644063254375,0.0012241807568752834,0.0008875559105089577
x12,0.11142126159887265,0.00040700718730333894,0.00035735592581727794,0.001350642343850777,0.000878824765577058
x163,0.21852889891697327,0.0007982572734896485,0.00024966531610896343,0.0009436209766396204,0.0008709391250646345
x398,0.001486155407465263,5.428729881606405e-06,0.0004576124007442027,0.0017295660736639383,0.0008674974017727723
x781,0.08254992540743093,0.00030154400040035846,0.0003715755521750043,0.0014043860432970876,0.000852965021848723
x73,0.15170920062467966,0.0005541737200623616,0.00030469573826182646,0.00115161086288442,0.0008528922914733907
x400,0.24794281829458778,0.0009057024452787569,0.00020879917231953786,0.0007891655996771153,0.0008474340224779362
x158,0.015103877349734575,5.517247381044083e-05,0.00043284167805375946,0.0016359440443748405,0.0008455582590926406
x340,0.14187414605472923,0.0005182475616250129,0.00030785819669345416,0.001163563512777256,0.0008409055372011345
x155,0.020658542186931615,7.546293255555345e-05,0.00042312504396675,0.0015992196010691788,0.0008373412668123662
x238,0.033325980426799046,0.0001217354153327487,0.0004093619836892335,0.0015472015130823316,0.0008344684642075401
x75,0.04518205000921119,0.00016504407531348493,0.0003949039863356055,0.0014925568800363493,0.0008288004776749171
x418,0.00950904082542016,3.473527318547287e-05,0.0004272405383947574,0.0016147742921733944,0.0008247547826794337
x575,0.2307664645845558,0.0008429594884020406,0.00021288565234587155,0.0008046106295818072,0.0008237850589919239
x541,0.012417498576247677,4.53594861190561e-05,0.0004232414940657816,0.0015996597293092185,0.0008225096077141373
x303,0.09443071077016667,0.0003449429438699653,0.0003432050558350547,0.0012971585121314443,0.0008210507280007048
x483,0.18061675405184785,0.000659769203755321,0.0002577220284724779,0.0009740716732259496,0.0008169204384906354
x798,0.0031855315374555884,1.1636326967769659e-05,0.0004279484331671298,0.0016174498114120083,0.000814543069189889
x474,0.002741783606582782,1.0015374246318472e-05,0.00042733493644302227,0.0016151310737235304,0.0008125732239849245
x519,0.0004857534308310315,1.7743932779835395e-06,0.0004279738848295346,0.0016175460070827158,0.0008096602001803496
x116,0.1347102809413928,0.0004920789063059183,0.00029693794590613607,0.001122289947535293,0.0008071844269206056
x377,0.020173846814176798,7.36924042243083e-05,0.0004061810881580854,0.001535179179365859,0.0008044357917950836
x371,0.021270203335293673,7.76972501355663e-05,0.0004030496088956617,0.0015233436165973191,0.0008005204333664428
x555,0.11854089002490172,0.0004330142518325051,0.00030708663971553584,0.001160647379449715,0.0007968308156411101
x71,0.005596902926221725,2.0444748918857867e-05,0.0004157285108902036,0.0015712640809584404,0.0007958544149386491
x296,0.030095562829180997,0.00010993512550157491,0.00039188502913829927,0.0014811465993319521,0.0007955408624167635
x536,0.004929516758495753,1.8006875185663212e-05,0.0004150952375002048,0.0015688705964966672,0.0007934387358411652
x525,0.010942952149998355,3.9973162316185075e-05,0.0004060145894076843,0.001534549890060034,0.0007872615261881095
x595,0.002262436209222619,8.264381364519062e-06,0.0004140014270806907,0.0015647364921989359,0.0007865004367817274
x111,0.0642035833905295,0.00023452723040105278,0.00035261847347287556,0.0013327369356119427,0.0007836320830064978
x206,0.04863430180163435,0.00017765469622850854,0.0003630037135072988,0.0013719884043247308,0.0007748215502766197
x582,0.12473309960313918,0.0004556335775111575,0.0002875838027910295,0.001086935554704647,0.0007712845661079022
x645,0.11044440576730231,0.00040343886166509886,0.00030099063691743796,0.0011376072703805464,0.0007705230660228226
x237,0.042717585790485804,0.0001560417122502822,0.0003654102119572477,0.0013810838704191538,0.000768562791334718
x797,0.14124485200000603,0.0005159488333614461,0.00026694254454389456,0.0010089210168033097,0.0007624349250823779
x72,0.02873728963076577,0.00010497353247934974,0.00037524361365121094,0.001418249641999927,0.0007616115872396384
x343,0.2996187463657508,0.0010944678014928398,0.00011320951784199234,0.00042788032176779427,0.000761174061630317
x16,0.06814748496496674,0.0002489337831880044,0.0003332292958815742,0.001259454691285471,0.0007541942372367378
x807,0.09838764214028031,0.0003593970927836641,0.0003006552262276633,0.0011363395710156802,0.0007478683318996721
x360,0.00653590027193053,2.3874782496633372e-05,0.00038852386726674225,0.001468442941101354,0.0007461588617989937
x623,0.002028755922658278,7.4107780683618685e-06,0.0003917245839976468,0.0014805401899088127,0.0007439754839885873
x700,0.04322252182613673,0.000157886177056095,0.00033374014289727644,0.001261385459913581,0.000709635818484838
x112,0.02238954190386599,8.178604643797125e-05,0.0003515063978565269,0.001328533797204291,0.0007051599218211312
x135,0.03686370039314224,0.00013465824022546895,0.00033356075548271984,0.0012607074573381376,0.0006976828487818033
x825,0.084252744661958,0.0003077641747667744,0.00028689593722225587,0.0010843357367166344,0.0006960499557417043
x255,0.004478587809514138,1.6359691151260613e-05,0.00036244634813649646,0.0013698818175399165,0.0006931207543455886
x90,0.0819038317958524,0.0002991839055691768,0.00028263361532045774,0.0010682261047564954,0.000683705005162836
x518,0.05838723869492192,0.00021328088961316595,0.00030508998021862034,0.0011531009175948619,0.0006831909036040138
x686,0.05713856698030177,0.00020871965636970816,0.0003050686912402816,0.0011530204549705584,0.0006808700556701333
x49,0.042413169198896386,0.00015492971855237084,0.0003182799579499751,0.0012029530150455296,0.0006789413667989502
x533,0.06152985336678923,0.0002247604469258419,0.00029667221515732695,0.001121285606553444,0.000673023026739643
x529,0.00037721900943745264,1.3779313375683647e-06,0.00034896386167145016,0.0013189241705429066,0.0006601510509402375
x753,0.0014852577762118628,5.425450952913269e-06,0.0003455999272788477,0.0013062100334478135,0.0006558177422003634
x375,0.01595383002955137,5.827723895659916e-05,0.00033126573105483046,0.0012520333121833033,0.0006551552755699512
x9,0.03709935636111361,0.00013551906042548223,0.0003089850883126838,0.0011678226489154947,0.0006516708546704885
x235,0.06446044815446213,0.00023546552353815553,0.0002809769569298235,0.0010619646919463707,0.0006487151077422631
x812,0.03599488652748739,0.00013148457765267056,0.00030781355245911723,0.0011633947779419057,0.0006474396777972881
x205,0.011493738656356573,4.198511285004763e-05,0.00032811919580203976,0.0012401408446409815,0.0006410629787455146
x45,0.0019751141310962047,7.214831671845637e-06,0.0003357294257562246,0.0012689040414427587,0.0006380594365573022
x74,0.0019522584159018226,7.131342755802294e-06,0.00033441609108896756,0.0012639402356539285,0.0006355357892048654
x830,0.04385007414336454,0.00016017854298208957,0.00029327642974042904,0.0011084510871196222,0.0006343148150508559
x139,0.025414960981808715,9.283750368820747e-05,0.000305776151287332,0.0011556943311458133,0.0006242659174170103
x88,0.024311523674898104,8.880679259943802e-05,0.00030001584463545565,0.0011339230003366311,0.0006113648964680346
x629,0.08833992455658347,0.00032269410437844105,0.0002354863870174232,0.000890031094289988,0.0006063625993342146
x36,0.04724220895920297,0.0001725695645029058,0.00027435846999945514,0.0010369498312582924,0.0006047596978805991
x581,0.018374352584660657,6.711908891254411e-05,0.00029440677754071393,0.0011127232860452501,0.0005899211874788971
x285,0.05900936819697811,0.0002155534467098707,0.0002539558380467012,0.0009598371918683903,0.0005876953192891305
x611,0.013479195179378232,4.923772391684144e-05,0.00029771227243459463,0.0011252165485001748,0.0005872271362085081
x99,0.0887208651507448,0.00032408563017463464,0.00022333325891681123,0.000844097815345784,0.0005840917227602093
x698,0.028177959507966092,0.00010293037324036809,0.00028184561086814423,0.0010652478074804576,0.0005840890903604128
x171,0.0003766659667470872,1.3759111454916077e-06,0.00029904454743744443,0.001130251940115376,0.0005658139256304338
x663,0.0045398125499803346,1.6583337060963505e-05,0.00028759845120328244,0.0010869909190191292,0.0005517871280400463
x62,0.015518241269875941,5.66860906124465e-05,0.0002767856757152697,0.0010461235613692965,0.0005514048259908715
x752,0.08421238759408871,0.0003076167557154588,0.00021007599266349377,0.0007939913979847633,0.000550804076850111
x43,0.0209310062333554,7.645820781617169e-05,0.00026954608995536104,0.0010187612305029227,0.0005476097191595472
x224,0.034409881944072754,0.00012569476475608944,0.0002510191265757439,0.0009487377624821953,0.0005372162636191423
x140,0.05692119792654554,0.0002079256358577648,0.0002285739214465614,0.000863905128478551,0.0005359153821681579
x20,0.043269293619899146,0.00015805702825586785,0.0002399410841048804,0.0009068678166742276,0.0005324624224650477
x82,0.0862099080658837,0.00031491343479752676,0.00019815075231478433,0.0007489194307612495,0.0005319164327793882
x522,0.13851759704056665,0.000505986530348789,0.0001475492915450156,0.0005576689976809841,0.0005318277640148866
x91,0.10252128819319191,0.0003744967571489806,0.00018229796505784675,0.0006890031283008673,0.0005317499427249239
x487,0.02940776085365421,0.00010742267551255352,0.0002526649961549002,0.0009549583985076939,0.0005311905370101237
x299,0.06102099660102137,0.00022290166020952324,0.0002168953102720015,0.0008197653070004128,0.000521333483604968
x673,0.007943922556887532,2.9018102376854223e-05,0.0002641729940948897,0.0009984533798072198,0.000513735741092037
x461,0.00688224510092122,2.513993452113695e-05,0.00026478849535806567,0.0010007796937387375,0.0005129598141299372
x145,0.015402274691639484,5.6262479982375424e-05,0.00025631293962722636,0.0009687459603353856,0.0005125042201588805
x47,0.018729326678442244,6.84157625043019e-05,0.0002419112486747708,0.0009143141397941334,0.0004913649511492176
x566,0.040122761379049784,0.00014656316057989525,0.00021338327968058114,0.0008064914338476921,0.0004765272972137937
x646,0.006145060315617079,2.244709563487819e-05,0.00023730084002180127,0.0008968888987409302,0.00045966799718790417
x501,0.010304809790625761,3.764211236162251e-05,0.0002316542939666337,0.0008755475310801839,0.00045659482172090323
x740,0.04171032059410408,0.0001523623052092474,0.0001945125401420056,0.0007351686488056121,0.00044376547700742975
x284,0.005238474828498646,1.913545830581537e-05,0.00022872784242590483,0.0008644868795488119,0.0004418111689273136
x800,0.001497000899473648,5.46834703486702e-06,0.00020959184606558247,0.0007921615447529334,0.0003988149458939002
x637,0.040219809951855284,0.00014691766622884015,0.00016413370836452303,0.0006203505260571249,0.00038363409614298257
x322,0.00014581421208465696,5.326401036732583e-07,0.00019125578550659153,0.0007228596022882985,0.00036169612119598587
x268,0.0023427072704280197,8.557600974261795e-06,0.00017776609038881283,0.0006718747098731519,0.00034021615542370685
x551,0.03705733814445608,0.00013536557341652293,0.00014181440015212707,0.0005359937249542037,0.0003356796491853633
x490,0.024762725736845962,9.045497427951982e-05,0.00011465943131906663,0.000433360333139028,0.0002619076537092739
x651,0.030192205889940333,0.0001102881498684471,0.00010519673232559195,0.00039759564862044516,0.00025394189924444615
x470,0.027724730760315418,0.00010127478834445823,6.287548250587195e-05,0.0002376406348048125,0.00016945771157463537
x530,0.0,0.0,0.0,0.0,0.0
x104,0.0,0.0,0.0,0.0,0.0
x129,0.0,0.0,0.0,0.0,0.0
x489,0.0,0.0,0.0,0.0,0.0
